,sc_1d_fwd_rel_d,mom_1d_fwd_rel_d,value_1d_fwd_rel_d
0,1,1,1
1,1,1,0
2,1,1,1
3,1,0,0
4,0,1,0
5,1,1,0
6,1,1,1
7,0,0,1
8,0,1,0
9,0,0,0
10,0,1,0
11,1,1,0
12,1,1,1
13,1,1,1
14,1,0,0
15,0,0,1
16,1,0,1
17,1,0,0
18,0,0,0
19,1,1,1
20,0,0,1
21,1,1,0
22,1,0,1
23,1,0,1
24,1,1,1
25,0,1,0
26,1,0,1
27,0,0,0
28,1,1,1
29,1,1,0
30,0,1,0
31,1,1,0
32,0,0,0
33,0,1,0
34,1,1,1
35,0,0,0
36,0,0,1
37,0,1,0
38,1,0,0
39,0,0,1
40,1,0,1
41,1,1,1
42,0,0,1
43,1,0,1
44,0,1,1
45,0,1,0
46,1,1,1
47,0,1,0
48,0,1,1
49,1,0,1
50,1,0,1
51,0,1,1
52,0,0,1
53,1,1,1
54,0,1,0
55,1,1,1
56,0,0,0
57,0,0,1
58,0,1,0
59,1,1,1
60,1,0,0
61,0,1,0
62,1,1,1
63,1,1,1
64,0,1,0
65,1,1,0
66,1,0,1
67,1,0,1
68,1,1,0
69,0,0,0
70,1,0,1
71,1,0,1
72,1,1,0
73,1,1,0
74,0,0,0
75,0,1,0
76,1,1,1
77,0,1,0
78,0,0,0
79,1,0,0
80,1,0,0
81,0,0,0
82,0,1,1
83,1,0,0
84,1,0,0
85,0,0,1
86,0,0,0
87,1,1,1
88,0,0,0
89,0,0,1
90,1,0,1
91,0,0,0
92,1,0,0
93,0,0,1
94,1,1,0
95,1,0,0
96,0,0,1
97,0,0,0
98,0,1,0
99,1,1,0
100,1,0,1
101,0,0,1
102,1,0,1
103,1,1,1
104,0,0,1
105,0,0,1
106,1,1,0
107,1,1,1
108,1,0,1
109,0,1,0
110,0,1,1
111,1,0,0
112,0,1,1
113,0,1,1
114,0,1,1
115,1,0,1
116,1,0,0
117,1,1,0
118,0,1,1
119,1,1,0
120,0,1,1
121,0,1,0
122,0,0,1
123,1,0,1
124,0,1,0
125,0,1,1
126,0,1,1
127,0,1,0
128,1,1,0
129,0,0,0
130,1,1,0
131,0,1,0
132,1,1,1
133,0,1,0
134,1,1,1
135,0,0,1
136,0,0,1
137,0,0,1
138,1,1,1
139,1,1,1
140,0,1,1
141,0,1,1
142,0,1,0
143,1,0,0
144,0,1,1
145,1,0,1
146,1,1,0
147,0,0,1
148,0,0,1
149,0,0,0
150,0,0,1
151,0,1,1
152,1,1,1
153,0,0,0
154,1,1,1
155,1,0,0
156,1,0,0
157,1,1,0
158,0,0,0
159,0,0,1
160,0,0,0
161,1,1,1
162,1,1,0
163,0,1,1
164,1,1,1
165,1,0,1
166,1,0,1
167,0,0,1
168,0,0,0
169,1,1,1
170,0,1,1
171,0,1,0
172,1,0,1
173,1,1,1
174,0,1,1
175,1,1,0
176,1,0,1
177,0,0,1
178,1,1,0
179,0,0,0
180,0,1,1
181,1,1,0
182,1,1,1
183,0,0,1
184,1,0,0
185,1,1,0
186,0,1,1
187,0,0,1
188,1,1,1
189,1,0,1
190,0,0,1
191,1,0,1
192,0,1,1
193,0,0,1
194,1,1,1
195,1,0,1
196,0,1,0
197,1,0,0
198,0,0,0
199,1,0,1
200,1,0,0
201,1,1,0
202,1,0,1
203,0,0,0
204,1,1,0
205,1,1,1
206,0,1,0
207,0,1,1
208,1,0,1
209,1,1,0
210,0,1,1
211,1,0,1
212,1,0,1
213,1,0,0
214,0,1,0
215,1,1,1
216,0,1,0
217,0,0,0
218,0,0,0
219,0,1,1
220,1,1,0
221,0,0,1
222,0,1,1
223,0,0,1
224,0,0,1
225,1,1,1
226,1,1,0
227,1,1,1
228,0,1,1
229,1,1,1
230,0,0,0
231,0,0,0
232,1,1,1
233,0,0,0
234,0,0,0
235,1,0,0
236,0,1,1
237,1,0,1
238,1,1,0
239,0,1,0
240,1,1,1
241,0,1,0
242,1,0,0
243,1,0,0
244,1,0,0
245,1,0,1
246,0,1,1
247,1,1,1
248,1,0,1
249,0,0,1
250,1,1,1
251,0,1,1
252,1,0,0
253,1,1,0
254,1,0,0
255,1,1,1
256,0,0,0
257,1,1,1
258,0,1,1
259,1,1,0
260,1,1,1
261,0,1,1
262,1,1,1
263,0,1,1
264,0,0,0
265,1,0,0
266,0,0,1
267,0,1,1
268,0,0,1
269,1,0,1
270,1,1,1
271,1,0,1
272,1,0,1
273,0,0,0
274,0,0,1
275,0,1,1
276,1,1,1
277,1,0,0
278,0,1,1
279,1,0,1
280,1,0,0
281,0,0,1
282,0,1,1
283,1,0,1
284,0,1,1
285,1,0,0
286,1,0,0
287,1,1,1
288,0,0,1
289,0,0,0
290,1,0,0
291,0,0,0
292,0,1,1
293,0,1,1
294,1,0,0
295,0,0,1
296,1,1,0
297,0,1,1
298,0,1,1
299,0,1,1
300,1,1,0
301,0,1,1
302,1,1,1
303,1,1,1
304,1,1,0
305,1,0,1
306,1,1,0
307,1,1,0
308,0,1,1
309,1,1,1
310,0,1,1
311,1,0,0
312,1,1,1
313,1,1,1
314,1,1,1
315,1,1,1
316,1,0,0
317,0,1,1
318,0,1,0
319,0,1,1
320,1,1,1
321,0,0,0
322,0,1,0
323,0,0,1
324,0,0,0
325,0,1,0
326,1,1,0
327,0,0,0
328,1,0,1
329,0,1,1
330,1,1,1
331,0,0,0
332,0,1,0
333,0,0,0
334,1,0,0
335,1,1,0
336,0,1,0
337,0,0,1
338,0,0,0
339,1,0,1
340,1,0,0
341,1,0,0
342,1,1,1
343,1,1,0
344,0,1,1
345,1,0,0
346,1,0,0
347,0,0,1
348,0,0,1
349,1,0,0
350,1,0,0
351,0,0,1
352,1,1,1
353,0,1,1
354,1,0,0
355,0,0,0
356,0,1,1
357,1,0,0
358,0,0,0
359,0,1,0
360,0,0,0
361,0,0,0
362,1,1,1
363,0,0,0
364,1,1,1
365,0,0,1
366,1,1,1
367,1,0,0
368,1,1,1
369,1,1,1
370,1,0,1
371,0,0,0
372,1,0,1
373,1,1,1
374,1,0,1
375,0,1,1
376,1,1,1
377,1,0,0
378,0,0,0
379,1,0,1
380,0,1,1
381,0,1,1
382,1,1,0
383,1,1,0
384,0,1,1
385,1,0,0
386,1,0,0
387,1,0,0
388,0,0,0
389,0,1,1
390,1,0,0
391,1,1,1
392,1,1,1
393,0,0,1
394,0,0,0
395,0,1,1
396,1,0,0
397,1,0,1
398,1,0,1
399,0,1,1
400,1,1,1
401,0,1,1
402,1,1,0
403,0,1,1
404,0,1,1
405,0,1,0
406,0,1,1
407,0,0,0
408,0,1,0
409,1,1,0
410,1,0,1
411,1,0,1
412,0,0,1
413,1,1,1
414,1,1,1
415,1,0,0
416,0,1,1
417,1,1,0
418,1,1,1
419,1,1,0
420,0,0,0
421,0,0,1
422,1,0,0
423,0,0,0
424,1,1,1
425,0,0,1
426,0,1,0
427,1,1,1
428,0,1,1
429,1,0,0
430,0,1,1
431,1,1,0
432,0,0,1
433,1,1,1
434,1,1,0
435,0,1,0
436,1,0,1
437,0,0,1
438,1,0,1
439,0,0,1
440,1,1,1
441,1,0,0
442,0,1,1
443,1,1,1
444,1,1,1
445,1,1,0
446,0,1,0
447,1,0,0
448,1,1,0
449,1,1,1
450,1,1,1
451,0,1,0
452,1,1,1
453,1,1,1
454,1,1,1
455,0,0,1
456,1,0,0
457,1,1,1
458,1,1,1
459,1,1,1
460,1,1,1
461,1,1,0
462,1,1,1
463,1,1,1
464,1,1,1
465,1,0,0
466,1,0,1
467,1,0,0
468,0,0,1
469,0,1,1
470,0,1,1
471,1,1,1
472,1,1,1
473,0,1,1
474,1,1,1
475,0,1,1
476,1,1,0
477,1,1,1
478,0,0,1
479,1,1,1
480,1,1,1
481,1,1,1
482,0,1,0
483,0,0,0
484,0,1,1
485,1,1,1
486,0,0,0
487,1,0,0
488,1,0,1
489,0,0,0
490,0,0,0
491,1,1,1
492,0,1,1
493,0,1,0
494,1,0,0
495,0,1,1
496,1,1,1
497,0,1,1
498,1,1,1
499,0,1,1
500,1,1,0
501,1,0,0
502,0,1,0
503,1,1,1
504,1,1,1
505,0,1,0
506,1,1,1
507,0,0,0
508,0,0,1
509,1,0,0
510,0,0,0
511,1,1,1
512,0,1,1
513,1,1,1
514,1,1,1
515,0,0,0
516,1,0,0
517,1,1,0
518,1,0,0
519,0,1,1
520,1,1,0
521,0,1,1
522,0,0,0
523,0,0,0
524,0,1,1
525,1,1,1
526,1,1,1
527,0,0,0
528,0,0,0
529,0,0,1
530,1,0,0
531,1,1,0
532,0,0,1
533,1,0,1
534,1,1,0
535,0,1,0
536,1,1,0
537,0,1,0
538,0,0,0
539,0,0,0
540,0,0,1
541,0,1,0
542,1,1,1
543,0,1,0
544,1,1,1
545,1,0,0
546,0,0,0
547,0,0,1
548,0,1,0
549,1,0,0
550,0,1,1
551,0,0,0
552,0,0,1
553,1,0,1
554,0,0,1
555,1,1,1
556,1,0,1
557,0,0,1
558,0,1,0
559,1,1,0
560,0,1,1
561,0,1,1
562,1,0,1
563,0,1,1
564,1,1,1
565,1,0,0
566,0,1,1
567,1,0,0
568,0,0,1
569,0,0,0
570,0,0,1
571,1,1,1
572,1,1,0
573,0,1,0
574,1,1,1
575,1,1,0
576,0,1,0
577,1,1,0
578,0,1,1
579,1,0,0
580,1,0,0
581,0,1,1
582,1,1,1
583,1,1,1
584,0,0,0
585,0,1,1
586,0,0,1
587,0,1,0
588,0,0,0
589,0,0,0
590,0,0,0
591,0,0,1
592,0,0,1
593,0,0,0
594,0,0,1
595,0,1,1
596,1,0,0
597,0,1,1
598,0,1,1
599,0,0,1
600,1,1,1
601,1,0,1
602,1,0,0
603,0,0,1
604,1,1,0
605,1,0,1
606,1,0,0
607,1,0,1
608,1,0,1
609,0,1,0
610,1,0,1
611,0,1,0
612,0,0,0
613,0,1,1
614,1,0,0
615,1,1,1
616,0,0,0
617,0,1,1
618,1,0,1
619,1,1,0
620,1,0,0
621,0,0,1
622,1,1,1
623,1,0,0
624,1,1,1
625,0,0,1
626,0,0,1
627,1,0,0
628,0,1,0
629,0,1,1
630,1,1,1
631,0,1,0
632,0,1,1
633,1,0,1
634,1,0,1
635,1,0,1
636,0,1,1
637,0,0,0
638,0,1,1
639,0,1,1
640,1,1,1
641,0,1,0
642,1,0,0
643,1,1,1
644,1,1,1
645,0,1,0
646,0,1,0
647,0,0,1
648,0,0,0
649,0,0,1
650,0,0,0
651,1,0,1
652,1,1,1
653,0,0,1
654,1,0,1
655,1,0,1
656,0,0,1
657,1,1,1
658,1,1,1
659,0,1,1
660,1,1,0
661,1,1,0
662,0,0,0
663,1,1,1
664,1,1,0
665,0,0,0
666,1,0,0
667,1,1,1
668,1,1,0
669,0,0,0
670,1,1,0
671,0,1,0
672,1,1,0
673,0,1,1
674,1,0,0
675,1,1,0
676,0,1,0
677,0,0,0
678,0,0,0
679,1,0,1
680,0,1,0
681,1,1,0
682,0,0,0
683,1,1,0
684,1,1,1
685,1,1,0
686,0,0,0
687,0,0,1
688,1,1,1
689,1,1,0
690,0,0,0
691,1,1,0
692,0,1,0
693,1,1,0
694,1,1,0
695,0,0,0
696,0,0,0
697,0,0,0
698,0,0,1
699,1,0,0
700,0,0,0
701,1,1,1
702,0,0,1
703,1,1,1
704,0,0,1
705,0,0,0
706,1,1,1
707,1,1,1
708,0,1,0
709,1,0,0
710,0,0,0
711,1,0,1
712,0,1,0
713,0,0,1
714,1,1,1
715,1,1,1
716,0,1,0
717,0,1,1
718,0,0,1
719,1,0,0
720,1,0,0
721,0,0,0
722,1,0,1
723,0,0,1
724,1,0,0
725,1,0,1
726,0,1,0
727,0,0,0
728,1,1,1
729,1,0,1
730,0,0,1
731,1,0,1
732,1,0,1
733,1,0,1
734,0,1,1
735,1,1,1
736,1,0,0
737,0,0,1
738,1,1,1
739,1,1,1
740,0,0,1
741,0,1,1
742,1,1,0
743,1,1,1
744,0,1,1
745,1,0,1
746,1,1,1
747,1,0,0
748,1,0,0
749,1,0,0
750,1,0,1
751,1,0,1
752,0,1,0
753,0,1,1
754,1,1,0
755,0,0,0
756,0,0,0
757,1,0,0
758,0,1,1
759,1,1,0
760,0,1,1
761,0,1,0
762,1,0,1
763,1,0,1
764,1,0,1
765,0,0,1
766,0,0,0
767,0,0,1
768,1,1,0
769,1,1,1
770,1,1,1
771,0,0,1
772,0,1,0
773,1,1,0
774,0,1,1
775,1,1,0
776,1,1,1
777,1,1,0
778,0,1,0
779,1,0,0
780,1,1,0
781,1,1,0
782,1,0,0
783,0,0,1
784,0,0,1
785,1,1,1
786,1,0,0
787,1,1,0
788,1,0,0
789,0,0,1
790,1,0,1
791,1,1,1
792,0,0,0
793,0,0,0
794,0,0,1
795,0,0,0
796,1,0,0
797,0,0,0
798,0,0,1
799,0,1,1
800,1,1,0
801,1,1,1
802,1,0,1
803,0,1,0
804,1,1,0
805,1,1,0
806,1,1,1
807,1,1,0
808,1,1,0
809,0,0,0
810,0,0,0
811,1,0,1
812,1,1,1
813,1,1,1
814,0,1,1
815,1,0,1
816,1,0,1
817,1,0,0
818,1,0,0
819,1,0,1
820,1,1,0
821,0,0,1
822,1,1,0
823,1,1,0
824,1,1,0
825,1,1,0
826,1,1,1
827,0,1,0
828,1,0,1
829,0,1,1
830,1,1,0
831,0,1,1
832,0,0,0
833,0,1,1
834,1,1,0
835,0,1,1
836,1,0,0
837,1,1,0
838,1,1,1
839,1,1,1
840,1,0,0
841,0,1,1
842,1,1,1
843,0,1,1
844,1,1,1
845,1,0,0
846,0,0,0
847,1,1,0
848,0,0,1
849,0,0,0
850,1,1,0
851,0,0,1
852,0,0,0
853,1,1,1
854,1,0,1
855,1,0,0
856,1,1,1
857,1,1,0
858,0,0,1
859,1,1,0
860,1,1,1
861,1,1,1
862,1,1,1
863,0,0,1
864,0,0,0
865,0,0,0
866,1,1,1
867,1,1,1
868,0,0,1
869,0,0,1
870,0,0,1
871,1,1,0
872,1,1,1
873,1,1,0
874,1,1,0
875,1,0,1
876,1,1,1
877,1,1,1
878,1,1,1
879,1,0,1
880,0,0,1
881,0,0,0
882,0,0,1
883,1,0,1
884,0,0,1
885,0,0,0
886,1,1,1
887,1,1,1
888,0,0,0
889,1,0,0
890,0,1,1
891,1,1,0
892,0,0,1
893,1,0,1
894,1,1,0
895,1,0,1
896,1,1,0
897,1,1,1
898,1,0,0
899,0,0,0
900,1,0,1
901,0,1,0
902,0,1,0
903,1,1,0
904,1,1,1
905,1,1,1
906,1,1,0
907,1,0,1
908,0,1,1
909,1,1,1
910,0,1,1
911,1,0,1
912,0,0,1
913,0,0,1
914,1,0,0
915,0,1,0
916,0,0,1
917,0,0,0
918,0,0,0
919,1,1,1
920,0,0,0
921,0,1,1
922,0,0,0
923,1,1,0
924,1,1,0
925,1,0,0
926,1,0,1
927,0,1,0
928,0,0,1
929,0,0,1
930,1,1,0
931,0,1,0
932,0,0,1
933,1,0,0
934,0,0,0
935,1,0,0
936,1,1,1
937,1,1,1
938,1,1,1
939,1,1,0
940,0,0,1
941,0,0,1
942,1,1,0
943,1,1,1
944,0,0,1
945,0,0,0
946,0,0,0
947,1,1,0
948,1,1,0
949,0,0,1
950,0,1,0
951,1,1,1
952,0,0,1
953,1,0,1
954,0,0,0
955,1,1,1
956,1,1,0
957,1,1,0
958,1,1,1
959,1,1,1
960,1,1,1
961,1,0,1
962,1,1,0
963,1,1,0
964,0,0,1
965,0,0,1
966,1,0,0
967,0,1,1
968,0,0,0
969,0,0,0
970,0,0,0
971,0,0,0
972,1,0,1
973,1,1,0
974,0,0,1
975,1,1,1
976,0,1,1
977,0,0,0
978,1,1,0
979,0,0,1
980,0,0,1
981,0,0,0
982,0,0,1
983,1,0,0
984,1,1,1
985,1,1,0
986,0,0,0
987,0,0,0
988,0,0,0
989,1,1,0
990,1,0,0
991,0,1,1
992,0,0,1
993,1,0,1
994,1,1,1
995,0,1,1
996,1,0,1
997,1,1,1
998,1,1,0
999,1,1,0
1000,1,1,1
1001,0,1,0
1002,1,1,1
1003,1,1,1
1004,0,0,1
1005,0,0,1
1006,1,0,0
1007,1,0,1
1008,0,0,0
1009,0,0,1
1010,0,0,1
1011,0,1,0
1012,1,0,1
1013,1,1,1
1014,0,1,1
1015,1,0,0
1016,1,0,0
1017,1,1,0
1018,1,1,1
1019,0,1,1
1020,1,1,1
1021,0,0,0
1022,1,1,1
1023,1,1,1
1024,0,0,0
1025,1,0,0
1026,0,1,0
1027,0,1,0
1028,0,0,0
1029,1,0,1
1030,0,0,1
1031,1,1,1
1032,0,1,0
1033,1,1,1
1034,0,0,1
1035,0,0,1
1036,1,0,0
1037,0,0,1
1038,0,0,0
1039,0,1,1
1040,0,0,0
1041,1,1,0
1042,0,0,0
1043,1,1,1
1044,1,1,1
1045,0,0,0
1046,0,1,1
1047,1,0,0
1048,0,0,1
1049,0,0,0
1050,0,1,1
1051,1,1,1
1052,1,1,1
1053,0,1,0
1054,0,0,0
1055,1,0,1
1056,1,0,0
1057,1,1,0
1058,0,0,1
1059,1,1,1
1060,0,0,0
1061,1,1,0
1062,0,1,0
1063,0,1,1
1064,1,1,1
1065,0,0,1
1066,0,1,1
1067,1,1,0
1068,1,1,0
1069,0,1,1
1070,1,0,1
1071,0,1,0
1072,1,1,0
1073,1,0,0
1074,1,1,1
1075,0,1,0
1076,1,1,1
1077,1,0,1
1078,0,1,0
1079,1,1,1
1080,1,1,1
1081,0,1,1
1082,1,1,1
1083,1,1,1
1084,0,1,1
1085,1,1,1
1086,1,1,0
1087,1,1,1
1088,1,0,0
1089,1,0,0
1090,0,0,0
1091,0,1,1
1092,0,1,1
1093,0,0,1
1094,1,0,0
1095,0,0,1
1096,0,1,0
1097,1,1,1
1098,1,0,0
1099,0,0,0
1100,0,0,0
1101,1,1,1
1102,1,1,0
1103,0,1,1
1104,1,0,1
1105,0,0,1
1106,0,1,1
1107,0,0,0
1108,0,0,1
1109,1,0,1
1110,0,0,1
1111,1,1,1
1112,0,1,1
1113,1,1,1
1114,0,0,1
1115,1,1,1
1116,1,1,1
1117,1,1,1
1118,1,1,0
1119,1,0,1
1120,0,1,1
1121,0,1,1
1122,0,1,1
1123,1,1,1
1124,1,1,1
1125,1,1,1
1126,1,1,1
1127,0,1,1
1128,1,1,1
1129,1,1,1
1130,0,0,0
1131,0,0,0
1132,0,1,1
1133,0,1,1
1134,0,0,0
1135,1,1,0
1136,0,1,1
1137,1,0,1
1138,1,1,0
1139,1,0,1
1140,1,1,1
1141,0,0,1
1142,1,1,1
1143,0,1,1
1144,1,1,1
1145,0,0,0
1146,1,1,0
1147,0,0,1
1148,1,1,1
1149,0,1,1
1150,0,0,1
1151,1,0,1
1152,0,0,0
1153,0,1,1
1154,0,0,1
1155,1,1,1
1156,0,1,1
1157,1,1,1
1158,0,0,0
1159,1,1,1
1160,1,1,1
1161,1,1,1
1162,1,0,0
1163,0,1,1
1164,1,0,1
1165,1,1,1
1166,0,0,0
1167,0,0,0
1168,1,1,0
1169,1,1,1
1170,1,1,0
1171,1,1,1
1172,0,1,1
1173,1,1,0
1174,0,1,1
1175,1,0,1
1176,1,0,0
1177,1,1,0
1178,0,1,1
1179,0,1,1
1180,1,1,1
1181,0,1,0
1182,0,1,1
1183,1,1,1
1184,0,0,0
1185,0,1,1
1186,0,0,0
1187,1,1,1
1188,1,1,1
1189,1,1,1
1190,1,0,1
1191,1,0,1
1192,0,1,0
1193,1,1,1
1194,1,1,1
1195,0,0,0
1196,0,0,0
1197,0,0,0
1198,0,0,0
1199,1,1,1
1200,1,1,1
1201,1,1,1
1202,1,1,0
1203,0,1,1
1204,0,1,0
1205,1,1,1
1206,1,1,1
1207,0,0,0
1208,1,1,1
1209,0,0,0
1210,0,0,1
1211,1,1,1
1212,1,1,1
1213,1,1,1
1214,1,0,1
1215,0,0,0
1216,1,1,1
1217,0,0,0
1218,0,0,0
1219,0,0,0
1220,1,0,0
1221,0,0,0
1222,0,0,0
1223,1,0,0
1224,1,1,0
1225,1,1,1
1226,0,1,0
1227,1,1,1
1228,0,0,1
1229,1,1,1
1230,0,0,0
1231,0,0,1
1232,0,1,1
1233,1,0,0
1234,1,1,1
1235,1,0,0
1236,0,1,1
1237,1,1,0
1238,1,1,1
1239,1,1,0
1240,0,0,0
1241,0,1,0
1242,0,0,0
1243,1,0,0
1244,1,0,1
1245,0,1,1
1246,1,0,1
1247,0,1,1
1248,1,0,1
1249,1,1,1
1250,0,0,0
1251,0,1,1
1252,1,1,1
1253,1,1,0
1254,1,1,0
1255,1,1,0
1256,1,1,1
1257,0,1,1
1258,1,1,0
1259,1,0,0
1260,0,1,1
1261,1,1,1
1262,1,0,1
1263,1,1,1
1264,1,1,1
1265,1,1,1
1266,1,1,1
1267,0,1,1
1268,0,1,1
1269,1,0,1
1270,1,1,1
1271,0,1,1
1272,0,0,0
1273,1,1,0
1274,1,0,0
1275,1,0,1
1276,1,1,1
1277,1,1,1
1278,1,1,0
1279,0,0,1
1280,1,1,1
1281,1,0,0
1282,1,1,0
1283,0,1,0
1284,0,0,0
1285,0,0,0
1286,0,1,1
1287,0,1,1
1288,1,1,0
1289,1,0,1
1290,0,0,0
1291,1,1,1
1292,0,0,0
1293,1,1,1
1294,0,0,1
1295,1,1,1
1296,1,1,1
1297,0,1,1
1298,1,1,0
1299,0,0,1
1300,0,1,1
1301,0,0,0
1302,0,0,1
1303,0,1,0
1304,1,1,1
1305,1,1,0
1306,0,1,1
1307,1,0,1
1308,0,0,1
1309,0,0,1
1310,0,1,0
1311,1,1,1
1312,1,1,0
1313,1,1,0
1314,1,1,1
1315,1,1,1
1316,0,0,1
1317,1,1,0
1318,0,1,1
1319,1,1,1
1320,0,1,0
1321,0,0,1
1322,1,1,0
1323,1,1,1
1324,0,1,1
1325,0,1,1
1326,1,0,0
1327,0,0,0
1328,0,1,1
1329,0,1,1
1330,1,0,1
1331,1,1,1
1332,0,0,0
1333,0,1,1
1334,1,0,0
1335,1,0,1
1336,1,1,1
1337,0,1,0
1338,0,1,1
1339,1,1,0
1340,1,1,1
1341,1,1,1
1342,0,0,0
1343,0,0,0
1344,0,0,0
1345,1,1,1
1346,0,0,0
1347,0,1,1
1348,0,0,0
1349,1,0,0
1350,1,1,0
1351,0,1,1
1352,0,0,0
1353,1,1,0
1354,0,0,0
1355,1,1,1
1356,1,1,1
1357,0,1,0
1358,0,0,0
1359,0,0,0
1360,0,1,1
1361,1,1,1
1362,1,0,1
1363,1,1,1
1364,0,1,1
1365,0,0,0
1366,1,0,0
1367,0,0,0
1368,1,0,0
1369,0,0,0
1370,1,1,1
1371,0,1,1
1372,0,1,1
1373,0,1,1
1374,1,0,1
1375,1,0,1
1376,1,1,0
1377,1,1,1
1378,0,0,1
1379,0,1,1
1380,0,0,0
1381,1,1,1
1382,1,1,1
1383,1,1,1
1384,1,1,1
1385,0,1,1
1386,1,1,1
1387,0,0,1
1388,1,1,0
1389,1,0,1
1390,1,1,1
1391,0,0,0
1392,0,0,1
1393,0,1,0
1394,0,0,1
1395,0,0,1
1396,0,1,1
1397,1,1,1
1398,1,1,1
1399,1,0,0
1400,0,0,1
1401,1,1,1
1402,0,0,1
1403,0,1,1
1404,1,1,0
1405,1,1,1
1406,1,0,1
1407,1,1,1
1408,1,0,1
1409,1,1,1
1410,0,1,1
1411,1,1,1
1412,0,1,0
1413,0,1,0
1414,1,0,1
1415,1,1,0
1416,1,1,1
1417,1,1,1
1418,1,1,1
1419,1,0,1
1420,1,0,0
1421,0,0,1
1422,0,1,1
1423,1,1,1
1424,1,0,0
1425,0,0,0
1426,1,1,1
1427,1,1,0
1428,0,0,0
1429,0,0,1
1430,0,0,0
1431,0,0,0
1432,0,0,0
1433,1,0,1
1434,1,0,0
1435,1,1,1
1436,0,1,1
1437,0,1,0
1438,0,0,1
1439,1,1,0
1440,1,1,1
1441,0,0,1
1442,0,0,0
1443,1,1,0
1444,0,1,1
1445,0,0,0
1446,0,0,0
1447,0,0,1
1448,1,0,0
1449,0,0,1
1450,1,0,1
1451,1,1,1
1452,1,1,1
1453,1,1,1
1454,0,1,1
1455,1,0,1
1456,1,0,0
1457,0,0,0
1458,1,0,0
1459,1,1,0
1460,1,1,1
1461,1,1,1
1462,1,1,0
1463,1,1,1
1464,0,0,0
1465,1,0,0
1466,0,0,1
1467,0,1,0
1468,1,1,1
1469,1,1,0
1470,0,0,0
1471,0,1,0
1472,0,0,0
1473,1,1,1
1474,1,1,0
1475,1,1,1
1476,1,1,1
1477,1,1,0
1478,0,1,1
1479,0,1,1
1480,0,0,1
1481,1,0,0
1482,0,0,1
1483,0,0,0
1484,1,1,1
1485,0,1,1
1486,1,1,1
1487,1,0,1
1488,1,0,0
1489,0,1,1
1490,1,1,1
1491,0,0,0
1492,0,1,1
1493,0,0,1
1494,0,0,0
1495,0,0,0
1496,1,1,0
1497,0,1,1
1498,0,0,1
1499,1,0,0
1500,0,0,0
1501,0,1,1
1502,1,0,0
1503,1,1,1
1504,1,1,1
1505,0,0,0
1506,1,1,1
1507,1,1,0
1508,0,1,1
1509,0,0,0
1510,0,0,0
1511,0,0,0
1512,0,0,0
1513,0,0,1
1514,0,0,1
1515,0,0,0
1516,1,1,0
1517,1,1,1
1518,0,0,0
1519,0,0,1
1520,0,0,0
1521,1,1,1
1522,1,1,1
1523,1,1,1
1524,1,1,1
1525,0,0,0
1526,0,1,1
1527,1,1,0
1528,1,1,1
1529,1,1,1
1530,0,0,1
1531,0,0,0
1532,0,0,1
1533,0,0,1
1534,1,1,0
1535,0,0,0
1536,0,0,0
1537,0,1,0
1538,1,0,0
1539,1,0,1
1540,1,1,1
1541,0,0,1
1542,0,0,1
1543,1,1,1
1544,0,1,1
1545,0,0,1
1546,0,0,1
1547,1,1,0
1548,1,1,1
1549,0,0,0
1550,1,1,0
1551,1,1,0
1552,0,0,0
1553,0,1,1
1554,0,0,1
1555,0,0,1
1556,1,0,0
1557,0,0,0
1558,1,0,1
1559,1,1,1
1560,1,1,1
1561,0,0,1
1562,1,1,0
1563,0,0,0
1564,1,1,1
1565,0,0,1
1566,0,0,1
1567,1,1,1
1568,1,0,0
1569,1,0,1
1570,1,0,0
1571,0,1,1
1572,0,1,0
1573,1,1,1
1574,0,0,1
1575,0,0,0
1576,1,0,1
1577,0,0,0
1578,1,1,0
1579,1,1,1
1580,0,0,0
1581,0,0,0
1582,0,1,1
1583,0,0,0
1584,1,0,0
1585,0,1,0
1586,0,0,1
1587,1,1,1
1588,0,1,1
1589,1,1,0
1590,0,0,0
1591,0,1,1
1592,0,0,1
1593,0,0,0
1594,1,1,0
1595,1,1,0
1596,0,0,0
1597,1,1,1
1598,0,1,1
1599,0,0,1
1600,1,1,0
1601,1,1,1
1602,1,1,1
1603,0,0,1
1604,0,0,1
1605,1,1,1
1606,0,0,0
1607,0,1,0
1608,1,1,1
1609,1,1,1
1610,1,1,0
1611,0,0,1
1612,1,0,0
1613,0,1,0
1614,0,0,1
1615,0,0,1
1616,1,1,0
1617,1,1,1
1618,1,0,0
1619,1,1,0
1620,0,1,1
1621,1,0,1
1622,0,1,1
1623,1,1,1
1624,1,1,0
1625,0,0,0
1626,0,0,0
1627,1,1,1
1628,1,1,0
1629,0,1,1
1630,0,1,0
1631,0,0,1
1632,0,1,0
1633,1,1,1
1634,0,1,1
1635,0,1,1
1636,1,1,0
1637,0,1,1
1638,0,0,0
1639,0,0,1
1640,0,1,0
1641,1,1,1
1642,0,0,1
1643,1,0,0
1644,0,0,0
1645,0,0,0
1646,0,1,0
1647,0,0,1
1648,1,1,1
1649,0,0,1
1650,0,1,1
1651,1,0,0
1652,1,1,1
1653,0,1,0
1654,0,1,0
1655,1,1,0
1656,1,0,0
1657,0,0,1
1658,0,1,1
1659,1,1,0
1660,1,1,0
1661,0,1,0
1662,1,1,1
1663,0,1,1
1664,0,1,0
1665,0,0,1
1666,1,1,0
1667,0,1,1
1668,1,1,1
1669,1,1,0
1670,0,0,1
1671,1,0,1
1672,1,1,1
1673,0,0,1
1674,0,1,0
1675,1,0,1
1676,0,1,1
1677,1,0,1
1678,1,1,0
1679,1,1,1
1680,0,1,0
1681,0,0,0
1682,1,0,1
1683,0,1,1
1684,0,0,0
1685,0,1,0
1686,1,1,1
1687,1,1,0
1688,1,0,0
1689,1,0,0
1690,0,0,0
1691,1,0,0
1692,0,0,1
1693,1,1,0
1694,0,0,0
1695,0,0,0
1696,0,0,1
1697,1,1,1
1698,0,0,1
1699,1,1,0
1700,1,1,0
1701,1,1,1
1702,0,0,1
1703,1,0,0
1704,1,0,1
1705,0,1,1
1706,1,1,1
1707,1,1,1
1708,1,1,0
1709,1,0,1
1710,1,1,1
1711,0,0,1
1712,1,0,1
1713,1,0,1
1714,0,1,0
1715,1,1,0
1716,0,1,1
1717,1,1,0
1718,0,0,1
1719,0,1,1
1720,1,1,1
1721,1,0,0
1722,1,0,1
1723,1,0,1
1724,1,1,0
1725,1,0,0
1726,0,1,0
1727,0,0,1
1728,0,1,1
1729,1,1,0
1730,1,1,1
1731,0,0,1
1732,0,0,0
1733,1,0,0
1734,0,0,0
1735,0,0,1
1736,1,0,0
1737,1,1,0
1738,0,0,0
1739,1,1,1
1740,0,0,1
1741,0,0,1
1742,1,1,1
1743,1,1,1
1744,0,1,1
1745,0,1,1
1746,0,0,1
1747,0,0,1
1748,0,0,1
1749,1,0,0
1750,1,1,0
1751,1,1,1
1752,0,0,0
1753,0,0,1
1754,1,1,1
1755,1,1,0
1756,0,1,0
1757,1,1,1
1758,1,0,1
1759,0,0,1
1760,1,1,1
1761,0,0,0
1762,0,0,1
1763,1,1,0
1764,0,1,0
1765,0,0,0
1766,0,1,0
1767,1,0,0
1768,1,1,0
1769,0,0,0
1770,1,1,1
1771,0,0,1
1772,1,0,1
1773,1,0,1
1774,0,1,0
1775,0,0,0
1776,1,1,0
1777,1,1,0
1778,0,1,0
1779,1,1,1
1780,1,0,0
1781,1,1,0
1782,1,0,1
1783,0,0,0
1784,0,0,0
1785,1,1,1
1786,0,0,0
1787,0,1,0
1788,0,0,1
1789,1,0,1
1790,0,1,1
1791,0,0,0
1792,0,0,1
1793,0,1,0
1794,0,0,0
1795,0,0,0
1796,0,1,0
1797,0,1,1
1798,1,1,0
1799,1,0,1
1800,0,1,0
1801,1,1,1
1802,0,0,0
1803,0,1,0
1804,1,1,0
1805,1,0,0
1806,1,0,0
1807,1,0,1
1808,0,1,1
1809,1,0,0
1810,0,0,0
1811,1,0,1
1812,0,0,1
1813,1,1,1
1814,1,1,1
1815,1,1,1
1816,0,0,1
1817,1,1,0
1818,0,0,0
1819,0,0,0
1820,1,1,1
1821,0,1,0
1822,0,1,1
1823,1,1,1
1824,1,1,0
1825,0,1,0
1826,1,0,0
1827,0,1,0
1828,1,0,0
1829,0,1,0
1830,0,0,1
1831,1,1,0
1832,0,1,1
1833,1,1,1
1834,1,1,0
1835,0,1,0
1836,0,1,0
1837,0,1,0
1838,0,1,0
1839,1,0,0
1840,1,1,1
1841,0,0,0
1842,1,1,1
1843,1,0,1
1844,1,0,0
1845,0,1,1
1846,1,1,1
1847,0,1,1
1848,1,1,0
1849,1,1,1
1850,0,0,0
1851,1,1,0
1852,0,1,0
1853,0,1,0
1854,1,0,1
1855,0,1,0
1856,0,0,1
1857,1,0,1
1858,0,1,0
1859,0,1,1
1860,0,1,0
1861,1,0,1
1862,0,1,0
1863,0,0,0
1864,1,1,0
1865,0,1,1
1866,1,1,0
1867,0,0,1
1868,1,1,1
1869,0,1,1
1870,1,1,1
1871,1,0,1
1872,1,0,0
1873,1,0,1
1874,1,1,0
1875,0,0,0
1876,0,1,1
1877,0,1,0
1878,1,1,0
1879,0,1,1
1880,1,0,1
1881,0,1,0
1882,0,0,0
1883,1,1,0
1884,0,1,1
1885,0,0,1
1886,0,1,1
1887,0,1,1
1888,1,1,1
1889,1,1,1
1890,1,1,1
1891,1,0,0
1892,0,1,0
1893,1,1,0
1894,0,1,1
1895,0,1,0
1896,0,0,1
1897,1,0,0
1898,1,1,0
1899,1,1,0
1900,1,1,0
1901,0,1,1
1902,1,1,0
1903,0,1,0
1904,0,1,0
1905,0,0,0
1906,1,1,1
1907,0,1,0
1908,0,0,0
1909,0,0,0
1910,0,1,0
1911,0,1,0
1912,1,0,1
1913,0,0,1
1914,0,1,0
1915,1,0,0
1916,1,0,1
1917,1,0,0
1918,0,1,0
1919,1,0,1
1920,1,0,1
1921,0,1,1
1922,1,1,1
1923,1,0,1
1924,0,0,1
1925,0,0,1
1926,1,0,0
1927,1,0,1
1928,0,1,0
1929,1,1,1
1930,0,0,1
1931,1,0,0
1932,0,1,1
1933,0,1,1
1934,1,0,0
1935,1,1,1
1936,0,1,0
1937,0,0,1
1938,1,1,1
1939,0,1,1
1940,0,0,0
1941,0,0,1
1942,1,1,0
1943,1,0,1
1944,1,0,0
1945,0,1,0
1946,1,1,0
1947,0,1,1
1948,0,0,1
1949,1,1,0
1950,0,1,0
1951,1,0,0
1952,0,0,0
1953,1,1,0
1954,0,1,0
1955,1,1,0
1956,0,1,0
1957,0,0,1
1958,1,0,0
1959,0,0,0
1960,0,0,0
1961,1,1,0
1962,1,1,1
1963,1,1,0
1964,1,0,0
1965,0,1,0
1966,0,0,1
1967,1,0,1
1968,1,1,1
1969,1,1,0
1970,0,1,0
1971,0,0,0
1972,1,1,1
1973,0,1,0
1974,1,1,0
1975,0,1,1
1976,1,1,1
1977,1,0,0
1978,1,1,1
1979,0,0,1
1980,0,1,0
1981,1,1,0
1982,0,1,0
1983,0,0,0
1984,1,0,1
1985,1,1,1
1986,1,0,1
1987,0,0,1
1988,0,1,0
1989,1,0,1
1990,0,1,1
1991,1,1,1
1992,1,1,1
1993,1,1,1
1994,0,1,1
1995,1,1,1
1996,1,0,0
1997,1,1,0
1998,0,0,1
1999,0,1,0
2000,1,1,1
2001,0,0,0
2002,1,1,1
2003,1,0,1
2004,1,0,1
2005,1,1,0
2006,1,0,0
2007,1,1,1
2008,1,0,0
2009,1,1,1
2010,1,1,1
2011,1,0,0
2012,1,0,0
2013,1,1,1
2014,1,1,1
2015,0,1,0
2016,0,0,0
2017,0,1,0
2018,0,0,0
2019,1,0,0
2020,1,1,0
2021,1,1,0
2022,1,1,0
2023,1,0,0
2024,1,1,1
2025,0,1,0
2026,0,0,1
2027,1,0,1
2028,1,1,1
2029,1,1,0
2030,0,1,1
2031,0,1,0
2032,0,0,0
2033,0,0,0
2034,0,0,0
2035,1,0,0
2036,0,1,0
2037,1,1,0
2038,1,1,0
2039,0,1,1
2040,1,0,0
2041,1,0,1
2042,0,0,1
2043,1,1,0
2044,1,1,1
2045,1,0,1
2046,1,0,1
2047,0,1,0
2048,1,1,0
2049,1,1,1
2050,1,0,1
2051,0,1,1
2052,1,0,1
2053,1,0,1
2054,0,0,1
2055,0,0,0
2056,1,1,0
2057,1,1,1
2058,1,0,1
2059,1,0,1
2060,1,1,0
2061,1,1,0
2062,1,0,1
2063,0,0,1
2064,1,1,0
2065,0,1,0
2066,0,1,1
2067,0,1,0
2068,1,0,0
2069,0,1,1
2070,0,1,0
2071,1,1,1
2072,1,0,1
2073,1,1,1
2074,1,0,0
2075,1,0,1
2076,0,1,0
2077,0,0,1
2078,0,0,1
2079,1,0,0
2080,1,1,0
2081,0,1,0
2082,1,1,1
2083,1,0,0
2084,1,1,1
2085,1,1,0
2086,1,0,1
2087,1,1,1
2088,0,1,0
2089,1,0,1
2090,0,0,0
2091,0,0,1
2092,1,0,0
2093,1,0,0
2094,0,0,0
2095,0,0,1
2096,0,0,1
2097,0,1,0
2098,0,1,1
2099,0,1,0
2100,0,1,0
2101,0,1,0
2102,1,1,0
2103,0,0,1
2104,0,0,1
2105,1,1,1
2106,1,1,0
2107,0,1,1
2108,1,0,1
2109,1,1,0
2110,1,1,0
2111,0,0,0
2112,0,1,0
2113,0,1,0
2114,0,0,0
2115,1,1,0
2116,1,1,1
2117,1,0,1
2118,1,0,1
2119,0,0,0
2120,1,1,0
2121,1,1,0
2122,0,0,0
2123,0,1,0
2124,1,1,1
2125,0,1,0
2126,1,0,0
2127,0,1,1
2128,1,1,0
2129,0,0,1
2130,0,1,1
2131,0,1,0
2132,0,0,1
2133,1,0,0
2134,1,1,1
2135,1,0,1
2136,1,0,0
2137,0,1,0
2138,1,0,1
2139,1,1,1
2140,0,1,0
2141,1,1,1
2142,1,0,1
2143,0,0,1
2144,1,0,1
2145,0,0,0
2146,1,1,1
2147,0,1,0
2148,1,1,1
2149,1,1,1
2150,1,1,1
2151,1,1,1
2152,0,1,0
2153,0,1,0
2154,0,0,1
2155,1,0,1
2156,0,0,0
2157,1,0,1
2158,1,1,1
2159,0,0,1
2160,1,0,1
2161,1,0,1
2162,1,1,0
2163,1,0,1
2164,0,1,0
2165,0,1,0
2166,1,1,0
2167,0,1,0
2168,1,0,0
2169,1,0,0
2170,0,0,0
2171,1,0,1
2172,0,1,0
2173,0,0,1
2174,1,0,0
2175,0,1,1
2176,1,1,1
2177,0,1,0
2178,1,1,0
2179,1,1,0
2180,0,0,0
2181,1,0,0
2182,0,0,1
2183,1,1,1
2184,0,0,1
2185,1,1,0
2186,0,1,1
2187,1,0,1
2188,0,0,1
2189,1,1,0
2190,0,1,0
2191,0,1,0
2192,0,1,0
2193,0,1,0
2194,0,0,1
2195,0,1,0
2196,0,0,0
2197,1,0,0
2198,0,1,0
2199,0,1,1
2200,0,0,1
2201,0,1,0
2202,1,1,0
2203,0,1,0
2204,1,0,1
2205,0,0,1
2206,1,1,1
2207,1,1,1
2208,0,0,0
2209,1,0,0
2210,1,0,1
2211,1,0,0
2212,0,1,0
2213,1,0,1
2214,0,0,1
2215,1,1,1
2216,1,0,1
2217,0,1,0
2218,1,1,0
2219,0,1,1
2220,1,0,1
2221,1,0,1
2222,1,0,1
2223,0,0,0
2224,0,1,0
2225,1,0,1
2226,1,1,1
2227,0,1,1
2228,0,0,0
2229,1,0,1
2230,1,0,1
2231,1,1,1
2232,0,1,0
2233,1,1,1
2234,1,0,1
2235,0,1,0
2236,1,0,1
2237,0,1,0
2238,1,1,0
2239,1,0,1
2240,0,0,1
2241,1,0,1
2242,1,1,1
2243,0,0,1
2244,0,0,1
2245,0,0,1
2246,1,1,1
2247,1,1,0
2248,0,0,0
2249,0,1,0
2250,1,0,1
2251,1,1,0
2252,1,0,1
2253,1,0,1
2254,0,1,1
2255,1,1,1
2256,0,1,0
2257,1,1,0
2258,0,0,1
2259,0,0,1
2260,1,1,0
2261,1,0,1
2262,1,1,1
2263,1,1,0
2264,1,0,1
2265,1,0,0
2266,0,1,0
2267,1,1,1
2268,0,0,1
2269,0,0,1
2270,1,1,1
2271,0,1,0
2272,0,1,1
2273,1,1,0
2274,0,0,1
2275,1,1,1
2276,0,1,0
2277,0,0,1
2278,1,1,1
2279,1,1,0
2280,1,1,1
2281,0,0,1
2282,1,1,1
2283,1,0,1
2284,0,1,0
2285,0,0,0
2286,0,1,1
2287,0,1,0
2288,0,0,1
2289,1,1,1
2290,0,0,1
2291,1,1,1
2292,1,0,1
2293,1,0,1
2294,0,1,0
2295,1,0,0
2296,0,1,1
2297,1,1,1
2298,1,0,1
2299,1,0,1
2300,1,0,1
2301,1,1,1
2302,0,1,0
2303,1,0,1
2304,0,1,1
2305,1,0,1
2306,1,0,1
2307,0,0,1
2308,0,0,1
2309,1,0,1
2310,1,0,1
2311,0,1,0
2312,1,0,1
2313,1,0,1
2314,0,0,1
2315,0,1,0
2316,1,0,1
2317,1,1,1
2318,0,0,0
2319,1,0,1
2320,1,0,1
2321,1,1,1
2322,1,1,1
2323,0,0,1
2324,0,0,1
2325,0,0,0
2326,0,1,0
2327,0,1,1
2328,1,0,1
2329,1,0,1
2330,1,0,0
2331,1,1,1
2332,1,1,1
2333,1,0,1
2334,1,0,1
2335,1,0,0
2336,1,0,1
2337,1,0,0
2338,1,1,0
2339,1,1,0
2340,1,0,1
2341,1,0,0
2342,0,1,0
2343,0,1,0
2344,1,0,1
2345,0,1,1
2346,0,1,0
2347,0,1,1
2348,0,0,0
2349,1,0,1
2350,1,0,0
2351,0,0,1
2352,1,0,1
2353,1,0,1
2354,0,0,1
2355,0,1,0
2356,1,0,1
2357,0,0,0
2358,0,1,0
2359,0,0,1
2360,0,0,0
2361,0,0,0
2362,1,0,1
2363,0,1,0
2364,1,1,0
2365,0,0,0
2366,0,0,0
2367,0,0,1
2368,1,1,0
2369,0,1,0
2370,1,1,1
2371,0,0,1
2372,1,1,0
2373,0,1,0
2374,0,0,1
2375,0,1,1
2376,1,1,1
2377,0,1,0
2378,1,1,1
2379,1,0,1
2380,0,0,0
2381,0,0,1
2382,0,1,0
2383,1,0,1
2384,1,0,0
2385,0,0,0
2386,0,1,1
2387,0,1,0
2388,1,0,0
2389,1,1,1
2390,1,1,0
2391,0,0,0
2392,1,0,1
2393,1,0,1
2394,1,1,0
2395,0,1,1
2396,0,1,1
2397,1,0,1
2398,1,1,1
2399,1,1,1
2400,1,1,1
2401,1,0,0
2402,1,1,0
2403,1,1,1
2404,1,1,0
2405,1,1,0
2406,0,0,1
2407,0,1,0
2408,1,0,0
2409,0,0,1
2410,0,1,0
2411,1,1,1
2412,0,1,1
2413,0,0,1
2414,1,0,1
2415,1,1,1
2416,0,0,1
2417,0,0,0
2418,1,1,1
2419,1,0,1
2420,0,0,1
2421,1,1,1
2422,0,0,1
2423,1,1,0
2424,1,0,0
2425,0,1,0
2426,0,1,0
2427,1,0,0
2428,0,0,0
2429,0,0,0
2430,0,1,1
2431,0,1,1
2432,0,1,0
2433,0,0,0
2434,1,1,0
2435,0,1,1
2436,1,1,0
2437,1,0,0
2438,1,1,1
2439,1,1,0
2440,0,1,1
2441,1,1,1
2442,1,1,1
2443,0,0,1
2444,1,0,1
2445,1,0,0
2446,0,0,0
2447,1,1,1
2448,0,1,0
2449,1,1,1
2450,1,1,0
2451,1,1,0
2452,0,1,0
2453,1,1,1
2454,1,0,1
2455,1,0,0
2456,1,1,1
2457,0,1,0
2458,0,1,0
2459,0,0,0
2460,1,1,1
2461,1,0,0
2462,0,0,0
2463,0,0,0
2464,1,1,1
2465,1,0,1
2466,0,1,1
2467,0,1,0
2468,0,1,0
2469,0,1,1
2470,1,1,1
2471,0,0,1
2472,1,0,1
2473,1,1,1
2474,1,0,0
2475,1,0,0
2476,0,1,0
2477,0,0,0
2478,1,0,1
2479,1,1,0
2480,1,1,1
2481,1,1,0
2482,1,0,1
2483,0,0,0
2484,1,1,1
2485,1,1,0
2486,1,1,1
2487,1,0,1
2488,1,1,0
2489,1,0,0
2490,0,0,1
2491,1,0,0
2492,0,0,0
2493,1,1,0
2494,0,0,0
2495,0,0,1
2496,0,1,0
2497,0,0,0
2498,1,1,0
2499,1,0,1
2500,1,1,1
2501,1,1,1
2502,0,0,0
2503,1,0,1
2504,0,0,0
2505,0,0,1
2506,0,0,0
2507,0,1,1
2508,0,1,0
2509,0,1,1
2510,1,1,1
2511,1,1,1
2512,0,0,0
2513,0,0,0
2514,1,1,1
2515,1,1,1
2516,0,0,0
2517,0,0,0
2518,0,0,0
2519,1,1,1
2520,1,1,1
2521,1,1,1
2522,1,1,1
2523,1,1,1
2524,0,1,0
2525,0,0,1
2526,0,0,0
2527,0,1,0
2528,0,0,0
2529,1,1,0
2530,1,0,0
2531,1,1,1
2532,0,0,0
2533,0,0,0
2534,0,0,0
2535,0,1,1
2536,0,0,0
2537,0,0,0
2538,1,1,1
2539,1,1,1
2540,1,1,1
2541,0,0,1
2542,1,1,1
2543,0,1,0
2544,0,0,0
2545,0,0,0
2546,0,1,0
2547,1,1,0
2548,0,1,0
2549,1,1,1
2550,1,1,0
2551,1,1,1
2552,0,0,0
2553,0,1,0
2554,1,0,1
2555,1,1,1
2556,0,0,1
2557,0,0,1
2558,1,1,1
2559,0,1,1
2560,0,1,0
2561,1,1,0
2562,0,0,0
2563,0,0,0
2564,1,1,1
2565,0,1,1
2566,1,0,0
2567,1,1,1
2568,1,1,1
2569,0,0,0
2570,1,1,0
2571,0,0,0
2572,1,0,0
2573,1,0,1
2574,1,1,0
2575,1,1,1
2576,0,0,1
2577,0,0,0
2578,1,1,1
2579,1,1,1
2580,1,1,1
2581,0,1,0
2582,0,1,1
2583,0,0,1
2584,0,1,1
2585,1,1,1
2586,0,1,0
2587,1,0,0
2588,0,1,0
2589,1,1,0
2590,1,1,1
2591,0,0,0
2592,0,0,0
2593,0,1,1
2594,1,1,1
2595,1,0,0
2596,1,1,1
2597,1,1,1
2598,1,0,0
2599,1,0,0
2600,0,1,0
2601,1,1,1
2602,0,0,0
2603,0,1,1
2604,1,1,1
2605,1,0,1
2606,0,0,1
2607,1,1,1
2608,1,1,0
2609,0,1,1
2610,1,0,1
2611,0,0,0
2612,0,1,1
2613,0,1,0
2614,1,1,1
2615,1,1,1
2616,0,0,1
2617,1,1,1
2618,0,0,1
2619,1,1,0
2620,0,1,0
2621,1,1,0
2622,1,0,0
2623,1,0,0
2624,1,0,0
2625,1,1,1
2626,0,0,0
2627,1,1,0
2628,1,1,0
2629,0,1,0
2630,1,1,0
2631,0,0,1
2632,1,1,1
2633,1,1,1
2634,1,1,1
2635,1,1,1
2636,1,0,1
2637,1,1,0
2638,1,1,0
2639,1,0,0
2640,0,1,0
2641,1,0,1
2642,0,0,1
2643,1,1,1
2644,1,1,0
2645,1,1,1
2646,0,0,1
2647,0,0,1
2648,1,0,1
2649,0,0,0
2650,0,0,0
2651,1,1,0
2652,1,1,1
2653,1,1,0
2654,1,1,1
2655,1,0,1
2656,0,0,1
2657,1,0,1
2658,1,0,1
2659,0,0,1
2660,1,1,0
2661,0,0,1
2662,0,0,1
2663,1,0,1
2664,0,0,1
2665,1,0,1
2666,0,0,1
2667,0,1,1
2668,1,1,0
2669,1,0,1
2670,0,0,1
2671,1,1,0
2672,1,0,1
2673,0,0,1
2674,0,1,0
2675,0,0,1
2676,0,0,1
2677,1,1,0
2678,1,0,1
2679,1,1,1
2680,1,1,1
2681,0,0,0
2682,0,0,0
2683,1,0,1
2684,0,1,1
2685,1,1,1
2686,0,1,0
2687,1,0,1
2688,1,1,1
2689,0,1,0
2690,1,1,0
2691,1,1,1
2692,1,0,1
2693,0,1,1
2694,1,0,1
2695,1,0,1
2696,0,0,0
2697,0,0,0
2698,0,0,0
2699,1,1,0
2700,1,1,0
2701,0,0,1
2702,0,0,0
2703,1,1,1
2704,1,1,1
2705,1,1,0
2706,0,0,1
2707,1,1,1
2708,0,0,1
2709,0,1,0
2710,0,0,1
2711,1,0,1
2712,1,1,1
2713,1,1,1
2714,0,0,1
2715,1,0,1
2716,1,0,0
2717,0,1,0
2718,1,1,1
2719,0,1,1
2720,1,1,1
2721,1,0,0
2722,1,1,0
2723,1,1,1
2724,1,1,1
2725,0,1,1
2726,1,1,0
2727,1,0,1
2728,1,0,1
2729,0,0,1
2730,0,1,0
2731,0,1,1
2732,0,1,1
2733,1,1,0
2734,1,1,0
2735,1,1,0
2736,0,1,0
2737,0,0,0
2738,1,1,0
2739,1,1,0
2740,1,1,0
2741,1,0,0
2742,0,1,0
2743,1,0,0
2744,1,1,1
2745,0,1,1
2746,0,0,0
2747,0,0,1
2748,1,1,1
2749,1,1,1
2750,1,1,1
2751,1,1,1
2752,0,1,0
2753,1,1,0
2754,0,1,1
2755,0,0,1
2756,0,0,0
2757,1,1,1
2758,0,1,0
2759,1,1,0
2760,0,0,0
2761,0,0,0
2762,1,1,0
2763,1,1,1
2764,1,0,1
2765,1,0,1
2766,0,1,0
2767,1,1,0
2768,0,0,1
2769,0,0,0
2770,1,1,1
2771,0,1,0
2772,0,1,1
2773,0,0,1
2774,0,0,1
2775,1,1,0
2776,0,0,0
2777,1,0,1
2778,0,1,0
2779,1,1,1
2780,1,1,1
2781,0,1,1
2782,1,1,1
2783,1,0,0
2784,0,1,0
2785,1,1,0
2786,0,0,1
2787,0,1,0
2788,1,0,1
2789,1,1,0
2790,1,1,0
2791,1,0,0
2792,1,1,0
2793,0,0,0
2794,0,0,0
2795,1,1,0
2796,0,0,1
2797,1,1,0
2798,0,1,0
2799,1,1,0
2800,0,0,1
2801,0,0,0
2802,1,0,1
2803,0,0,0
2804,0,0,1
2805,0,0,0
2806,1,1,0
2807,1,0,0
2808,0,1,0
2809,0,1,0
2810,1,1,0
2811,0,0,0
2812,0,1,0
2813,0,0,0
2814,1,0,1
2815,0,1,0
2816,1,0,1
2817,1,1,0
2818,1,0,1
2819,0,0,1
2820,0,0,0
2821,0,0,0
2822,0,0,0
2823,0,1,0
2824,1,1,0
2825,1,0,1
2826,0,0,1
2827,1,1,0
2828,1,0,1
2829,1,1,0
2830,0,0,1
2831,0,1,0
2832,0,1,0
2833,1,1,0
2834,1,0,1
2835,0,1,0
2836,0,0,0
2837,1,1,0
2838,1,1,1
2839,1,1,0
2840,0,0,1
2841,0,1,0
2842,0,1,0
2843,0,1,0
2844,0,1,0
2845,1,1,0
2846,1,0,1
2847,0,0,1
2848,1,0,1
2849,0,1,0
2850,1,0,1
2851,0,1,0
2852,0,1,0
2853,1,0,1
2854,0,0,1
2855,1,0,1
2856,0,1,0
2857,1,0,1
2858,1,1,1
2859,1,0,1
2860,1,1,0
2861,1,0,0
2862,0,1,0
2863,1,0,1
2864,0,1,1
2865,0,0,1
2866,1,1,1
2867,1,0,1
2868,0,1,1
2869,1,0,1
2870,1,0,1
2871,0,1,0
2872,0,1,0
2873,0,1,0
2874,1,0,0
2875,1,0,1
2876,1,1,1
2877,0,0,1
2878,1,0,0
2879,0,1,0
2880,0,0,1
2881,1,0,1
2882,0,1,0
2883,1,0,0
2884,1,1,0
2885,1,1,0
2886,1,0,1
2887,0,1,1
2888,0,1,0
2889,0,1,0
2890,0,0,1
2891,1,0,1
2892,0,1,1
2893,1,0,1
2894,0,1,0
2895,1,0,1
2896,1,0,1
2897,0,1,1
2898,0,0,1
2899,0,1,0
2900,1,0,1
2901,1,1,0
2902,0,1,0
2903,0,1,0
2904,1,1,1
2905,1,0,0
2906,0,1,0
2907,1,0,1
2908,1,1,1
2909,0,0,1
2910,0,1,0
2911,1,1,0
2912,0,1,0
2913,0,0,1
2914,0,0,0
2915,1,0,1
2916,0,1,1
2917,1,1,1
2918,1,0,1
2919,1,0,1
2920,1,0,1
2921,1,0,1
2922,1,0,0
2923,0,1,0
2924,0,1,0
2925,1,0,1
2926,1,0,1
2927,0,0,1
2928,0,1,1
2929,1,0,0
2930,0,1,0
2931,1,1,0
2932,1,0,1
2933,0,1,0
2934,0,1,1
2935,1,0,1
2936,1,1,0
2937,1,0,1
2938,0,0,1
2939,0,1,0
2940,1,0,1
2941,0,1,0
2942,0,1,0
2943,1,0,0
2944,0,1,1
2945,0,0,1
2946,1,0,1
2947,0,1,1
2948,0,0,0
2949,0,1,0
2950,1,1,0
2951,0,1,0
2952,0,1,1
2953,0,1,0
2954,0,1,0
2955,0,0,1
2956,0,1,0
2957,1,1,0
2958,0,1,0
2959,1,0,1
2960,1,0,1
2961,1,0,1
2962,0,1,0
2963,1,0,1
2964,0,1,0
2965,1,0,1
2966,0,0,1
2967,1,1,0
2968,0,1,0
2969,1,1,1
2970,0,1,0
2971,1,0,1
2972,1,0,0
2973,0,1,0
2974,0,0,0
2975,0,1,1
2976,0,0,0
2977,1,1,0
2978,0,1,0
2979,0,1,0
2980,0,1,0
2981,0,1,0
2982,0,1,0
2983,1,0,1
2984,1,0,1
2985,0,1,0
2986,1,0,1
2987,0,0,0
2988,0,1,0
2989,1,0,1
2990,1,1,0
2991,0,1,1
2992,1,0,1
2993,1,1,0
2994,1,1,1
2995,1,1,0
2996,0,1,0
2997,0,0,1
2998,1,1,0
2999,0,0,0
3000,0,1,0
3001,1,0,0
3002,1,0,0
3003,1,0,1
3004,1,1,1
3005,1,1,0
3006,0,1,1
3007,1,1,0
3008,0,1,0
3009,0,0,1
3010,0,1,0
3011,1,1,0
3012,0,1,1
3013,1,0,0
3014,1,1,1
3015,1,0,1
3016,1,0,1
3017,0,1,0
3018,1,0,0
3019,0,0,0
3020,0,1,0
3021,1,0,1
3022,1,0,1
3023,0,0,0
3024,1,1,1
3025,0,1,0
3026,1,0,1
3027,0,0,1
3028,1,1,1
3029,1,0,0
3030,0,1,0
3031,1,0,1
3032,1,0,1
3033,0,1,0
3034,1,1,0
3035,1,1,0
3036,0,1,1
3037,1,0,1
3038,1,0,0
3039,1,0,1
3040,1,1,0
3041,1,0,1
3042,1,1,0
3043,0,1,0
3044,0,1,0
3045,0,1,0
3046,0,0,1
3047,1,1,0
3048,0,0,1
3049,0,1,0
3050,0,0,1
3051,0,0,1
3052,0,0,0
3053,0,0,0
3054,0,0,0
3055,0,1,0
3056,1,0,1
3057,0,1,1
3058,1,0,1
3059,0,1,0
3060,0,0,1
3061,0,0,1
3062,1,1,1
3063,1,0,1
3064,1,0,1
3065,1,0,1
3066,0,0,1
3067,1,0,1
3068,0,0,1
3069,0,1,0
3070,0,1,0
3071,1,1,0
3072,1,0,1
3073,1,1,0
3074,0,0,1
3075,1,0,1
3076,0,1,0
3077,1,1,0
3078,0,1,0
3079,1,1,0
3080,1,1,0
3081,1,0,1
3082,0,1,0
3083,0,0,1
3084,1,1,0
3085,1,0,1
3086,0,0,1
3087,1,0,1
3088,1,1,0
3089,0,0,1
3090,1,0,1
3091,0,0,0
3092,1,0,0
3093,0,1,0
3094,0,1,0
3095,0,1,1
3096,0,1,0
3097,1,1,0
3098,0,0,1
3099,0,1,0
3100,0,1,1
3101,1,0,1
3102,0,1,0
3103,1,1,1
3104,1,0,1
3105,0,1,0
3106,0,0,1
3107,0,1,1
3108,0,0,1
3109,0,0,1
3110,1,1,0
3111,1,0,1
3112,0,1,0
3113,0,1,1
3114,0,0,1
3115,1,0,1
3116,0,0,1
3117,0,1,1
3118,0,0,1
3119,1,1,0
3120,1,1,1
3121,1,0,1
3122,0,1,0
3123,1,1,1
3124,0,0,1
3125,0,1,1
3126,1,0,0
3127,0,0,1
3128,0,1,0
3129,0,1,1
3130,1,1,0
3131,0,1,0
3132,0,1,0
3133,0,0,0
3134,0,0,0
3135,1,1,0
3136,1,0,0
3137,1,1,0
3138,1,1,1
3139,0,0,1
3140,1,0,0
3141,1,1,0
3142,1,0,1
3143,1,0,1
3144,0,0,0
3145,1,1,1
3146,1,0,1
3147,0,0,1
3148,0,0,1
3149,0,0,1
3150,1,0,1
3151,1,0,1
3152,0,0,1
3153,0,0,1
3154,1,0,1
3155,1,0,0
3156,1,0,1
3157,1,0,1
3158,0,0,1
3159,1,0,0
3160,0,1,0
3161,0,0,1
3162,1,1,0
3163,1,1,0
3164,1,0,1
3165,1,0,1
3166,0,1,1
3167,1,0,1
3168,0,0,1
3169,1,1,0
3170,1,1,1
3171,0,0,1
3172,0,0,0
3173,1,0,1
3174,1,0,1
3175,0,0,1
3176,1,1,1
3177,0,0,0
3178,1,0,1
3179,0,1,0
3180,1,0,1
3181,1,0,0
3182,1,0,0
3183,0,1,0
3184,0,1,1
3185,1,0,0
3186,0,0,1
3187,0,0,1
3188,0,1,1
3189,1,0,1
3190,0,0,0
3191,1,0,0
3192,0,0,1
3193,1,1,1
3194,1,1,0
3195,1,0,1
3196,1,1,0
3197,1,0,1
3198,0,1,0
3199,0,1,0
3200,1,0,1
3201,0,1,0
3202,0,1,1
3203,0,0,1
3204,1,0,1
3205,1,1,1
3206,0,1,0
3207,1,0,1
3208,1,0,1
3209,1,0,1
3210,1,1,1
3211,0,0,1
3212,1,1,1
3213,1,0,1
3214,1,0,1
3215,1,0,1
3216,1,1,1
3217,0,1,1
3218,1,1,1
3219,0,1,0
3220,0,1,0
3221,1,1,0
3222,0,1,1
3223,1,1,1
3224,0,1,0
3225,0,1,0
3226,0,1,0
3227,0,1,0
3228,1,1,1
3229,1,1,1
3230,1,1,1
3231,0,0,1
3232,1,0,1
3233,0,1,0
3234,0,1,0
3235,0,1,0
3236,1,0,1
3237,0,1,0
3238,1,0,0
3239,1,1,0
3240,0,0,0
3241,1,0,1
3242,1,0,1
3243,1,1,0
3244,0,1,1
3245,1,0,1
3246,1,0,0
3247,0,1,0
3248,1,1,1
3249,1,0,0
3250,1,0,1
3251,1,0,1
3252,0,0,1
3253,1,1,0
3254,1,1,1
3255,0,1,0
3256,1,0,1
3257,0,0,0
3258,1,0,1
3259,1,0,1
3260,1,0,0
3261,0,1,0
3262,0,1,1
3263,1,1,1
3264,1,1,0
3265,1,0,1
3266,0,0,1
3267,1,0,1
3268,1,0,0
3269,1,0,1
3270,0,0,1
3271,1,0,0
3272,1,1,1
3273,0,1,1
3274,1,0,1
3275,0,1,1
3276,0,0,1
3277,1,1,1
3278,0,1,0
3279,0,0,0
3280,1,1,1
3281,1,0,1
3282,0,0,0
3283,1,1,0
3284,0,1,0
3285,1,0,1
3286,0,1,0
3287,1,0,1
3288,0,0,1
3289,1,1,0
3290,0,1,0
3291,1,1,0
3292,1,0,1
3293,0,1,1
3294,1,1,1
3295,1,1,1
3296,0,1,1
3297,0,1,0
3298,1,0,1
3299,0,0,0
3300,1,1,0
3301,1,0,1
3302,0,1,1
3303,1,0,1
3304,1,0,1
3305,0,1,1
3306,1,1,0
3307,0,1,0
3308,0,1,1
3309,1,0,0
3310,1,0,1
3311,1,0,1
3312,0,1,0
3313,1,0,1
3314,0,1,0
3315,0,1,1
3316,1,0,1
3317,1,1,1
3318,1,0,1
3319,0,0,1
3320,1,0,1
3321,0,0,0
3322,0,0,1
3323,0,1,0
3324,1,1,1
3325,0,1,0
3326,1,0,0
3327,0,0,0
3328,1,1,0
3329,0,1,0
3330,0,0,1
3331,1,1,1
3332,0,1,1
3333,1,0,1
3334,1,0,1
3335,1,0,1
3336,1,1,0
3337,1,0,0
3338,1,0,1
3339,0,1,0
3340,0,1,0
3341,1,1,1
3342,0,1,1
3343,1,0,1
3344,0,1,0
3345,1,1,0
3346,1,1,1
3347,1,0,0
3348,1,0,1
3349,1,0,1
3350,1,1,0
3351,0,1,1
3352,1,0,0
3353,1,1,1
3354,0,0,1
3355,0,0,0
3356,0,1,1
3357,0,0,0
3358,0,0,1
3359,0,0,1
3360,1,1,1
3361,1,1,0
3362,1,1,1
3363,0,1,1
3364,0,1,1
3365,1,1,1
3366,1,0,0
3367,0,0,0
3368,0,1,1
3369,1,1,0
3370,1,0,0
3371,0,0,0
3372,0,1,0
3373,0,1,0
3374,0,0,1
3375,0,0,1
3376,0,1,1
3377,1,0,1
3378,0,1,0
3379,0,0,0
3380,0,0,1
3381,1,0,1
3382,1,0,1
3383,1,1,1
3384,1,1,1
3385,0,1,0
3386,0,1,0
3387,0,0,1
3388,0,0,1
3389,1,1,1
3390,1,0,1
3391,0,1,0
3392,1,1,1
3393,1,0,0
3394,1,1,1
3395,1,0,0
3396,0,1,1
3397,0,0,0
3398,0,1,1
3399,1,1,0
3400,0,0,1
3401,0,1,1
3402,0,1,1
3403,0,0,0
3404,1,1,1
3405,1,1,1
3406,1,0,1
3407,1,1,1
3408,0,1,0
3409,0,1,1
3410,1,1,0
3411,1,1,0
3412,1,0,1
3413,0,1,1
3414,0,0,1
3415,0,0,1
3416,0,1,1
3417,0,1,1
